30,21a11752558fa7b126e58a2780c08e65,2571,The Matrix,1,,2022-01-01 00:00:00,1
31,21a11752558fa7b126e58a2780c08e65,1240,The Terminator,1,,2022-01-01 00:00:00,1
32,21a11752558fa7b126e58a2780c08e65,109487,Interstellar,1,,2022-01-01 00:00:00,1
33,21a11752558fa7b126e58a2780c08e65,79132,Inception,1,,2022-01-01 00:00:00,1
34,21a11752558fa7b126e58a2780c08e65,164179,Arrival,1,,2022-01-01 00:00:00,1
35,21a11752558fa7b126e58a2780c08e65,115713,Ex Machina,1,,2022-01-01 00:00:00,1
36,21a11752558fa7b126e58a2780c08e65,204698,Joker,1,,2022-01-01 00:00:00,1
37,21a11752558fa7b126e58a2780c08e65,8644,"I, Robot",1,,2022-01-01 00:00:00,1
38,21a11752558fa7b126e58a2780c08e65,6365,The Matrix Reloaded,1,,2022-01-01 00:00:00,1
39,21a11752558fa7b126e58a2780c08e65,6934,The Matrix Revolutions,1,,2022-01-01 00:00:00,1
40,21a11752558fa7b126e58a2780c08e65,95875,Total Recall,,1,2022-01-01 00:00:00,2
41,21a11752558fa7b126e58a2780c08e65,34319,The Island,,1,2022-01-01 00:00:00,2
42,21a11752558fa7b126e58a2780c08e65,3986,The 6th Day,,1,2022-01-01 00:00:00,2
43,21a11752558fa7b126e58a2780c08e65,71530,Surrogates,,1,2022-01-01 00:00:00,2
44,21a11752558fa7b126e58a2780c08e65,68791,Terminator Salvation,,1,2022-01-01 00:00:00,2
45,21a11752558fa7b126e58a2780c08e65,8371,The Chronicles of Riddick,,1,2022-01-01 00:00:00,2
46,21a11752558fa7b126e58a2780c08e65,173291,Valerian and the City of a Thousand Planets,,1,2022-01-01 00:00:00,2
47,21a11752558fa7b126e58a2780c08e65,135569,Star Trek Beyond,,1,2022-01-01 00:00:00,2
48,21a11752558fa7b126e58a2780c08e65,6365,The Matrix Reloaded,"",1,2022-01-01 00:00:00,2
49,21a11752558fa7b126e58a2780c08e65,6934,The Matrix Revolutions,"",1,2022-01-01 00:00:00,2
50,123456789,1,test1,1,,2022-01-01 00:00:00,2
51,987654321,2,test2,,1,2022-01-01 00:00:00,2
52,0ab7e3efacd56983f16503572d2b9915,61350,Babylon A.D,1,,,1
53,0ab7e3efacd56983f16503572d2b9915,208,Waterworld,1,,,1
54,0ab7e3efacd56983f16503572d2b9915,72378,2012,1,,,1
55,0ab7e3efacd56983f16503572d2b9915,6264,The Core,1,,,1
56,0ab7e3efacd56983f16503572d2b9915,1876,Deep Impact,1,,,1
57,0ab7e3efacd56983f16503572d2b9915,3354,Mission to Mars,1,,,1
58,0ab7e3efacd56983f16503572d2b9915,103306,Europa Report,1,,,1
59,0ab7e3efacd56983f16503572d2b9915,77795,Cargo,1,,,1
60,0ab7e3efacd56983f16503572d2b9915,71135,Pandorum,1,,,1
61,0ab7e3efacd56983f16503572d2b9915,169864,Life,1,,,1
62,0ab7e3efacd56983f16503572d2b9915,169984,Alien: Covenant,,1,,2
63,0ab7e3efacd56983f16503572d2b9915,94864,Prometheus,,1,,2
64,0ab7e3efacd56983f16503572d2b9915,101864,Oblivion,,1,,2
65,0ab7e3efacd56983f16503572d2b9915,166635,Passengers,,1,,2
66,0ab7e3efacd56983f16503572d2b9915,134130,The Martian,,1,,2
67,0ab7e3efacd56983f16503572d2b9915,1584,Contact,,1,,2
68,0ab7e3efacd56983f16503572d2b9915,6303,The Andromeda Strain,,1,,2
69,0ab7e3efacd56983f16503572d2b9915,1301,Forbidden Planet,,1,,2
70,0ab7e3efacd56983f16503572d2b9915,1253,The Day the Earth Stood Still,"",1,,2
71,0ab7e3efacd56983f16503572d2b9915,68791,Terminator Salvation,,1,,2
72,84dfd3f91dd85ea105bc74a4f0d7a067,2662,The War of the Worlds,1,,,1
73,84dfd3f91dd85ea105bc74a4f0d7a067,4813,When Worlds Collide,1,,,1
74,84dfd3f91dd85ea105bc74a4f0d7a067,7481,Enemy Mine,1,,,1
75,84dfd3f91dd85ea105bc74a4f0d7a067,1127,The Abyss,1,,,1
76,84dfd3f91dd85ea105bc74a4f0d7a067,3471,Close Encounters of the Third Kind,1,,,1
77,84dfd3f91dd85ea105bc74a4f0d7a067,1097,E.T. the Extra-Terrestrial,1,,,1
78,84dfd3f91dd85ea105bc74a4f0d7a067,1,Toy Story,1,,,1
79,84dfd3f91dd85ea105bc74a4f0d7a067,3114,Toy Story 2,1,"",,1
80,84dfd3f91dd85ea105bc74a4f0d7a067,78499,Toy Story 3,1,"",,1
81,84dfd3f91dd85ea105bc74a4f0d7a067,201588,Toy Story 4,1,"",,1
82,84dfd3f91dd85ea105bc74a4f0d7a067,208939,Klaus,,1,,2
83,84dfd3f91dd85ea105bc74a4f0d7a067,187541,Incredibles 2,,1,,2
84,84dfd3f91dd85ea105bc74a4f0d7a067,196417,How to Train Your Dragon: The Hidden World,,1,,2
85,84dfd3f91dd85ea105bc74a4f0d7a067,194016,Ralph Breaks the Internet,,1,,2
86,84dfd3f91dd85ea105bc74a4f0d7a067,195163,Bumblebee,,1,,2
87,84dfd3f91dd85ea105bc74a4f0d7a067,206959,Frozen II,,1,,2
88,84dfd3f91dd85ea105bc74a4f0d7a067,205661,Maleficent: Mistress of Evil,,1,,2
89,84dfd3f91dd85ea105bc74a4f0d7a067,3114,Toy Story 2,,1,,2
90,84dfd3f91dd85ea105bc74a4f0d7a067,78499,Toy Story 3,,1,,2
91,84dfd3f91dd85ea105bc74a4f0d7a067,201588,Toy Story 4,,1,,2
92,c9a47fd59b55967ceac07cac6d5f270c,122906,Black Panther,,,,1
93,c9a47fd59b55967ceac07cac6d5f270c,122926,Spider-Man: Homecoming,,,,1
94,c9a47fd59b55967ceac07cac6d5f270c,201773,Spider-Man: Far From Home,,,,1
95,c9a47fd59b55967ceac07cac6d5f270c,122912,Avengers: Infinity War,,,,1
96,c9a47fd59b55967ceac07cac6d5f270c,122914,Avengers: Endgame,,,,1
97,c9a47fd59b55967ceac07cac6d5f270c,122916,Thor: Ragnarok,,,,1
98,c9a47fd59b55967ceac07cac6d5f270c,195159,Spider-Man: Into the Spider-Verse,,,,1
99,c9a47fd59b55967ceac07cac6d5f270c,225173,Soul,,,,1
100,c9a47fd59b55967ceac07cac6d5f270c,205441,Marriage Story,,,,1
101,c9a47fd59b55967ceac07cac6d5f270c,202439,Parasite,,,,1
102,c9a47fd59b55967ceac07cac6d5f270c,177593,"Three Billboards Outside Ebbing, Missouri",,,,2
103,c9a47fd59b55967ceac07cac6d5f270c,189713,BlacKkKlansman,,,,2
104,c9a47fd59b55967ceac07cac6d5f270c,205156,Jojo Rabbit,,,,2
105,c9a47fd59b55967ceac07cac6d5f270c,148667,John Mulaney: The Comeback Kid,,,,2
106,c9a47fd59b55967ceac07cac6d5f270c,187531,John Mulaney: Kid Gorgeous at Radio City,,,,2
107,c9a47fd59b55967ceac07cac6d5f270c,120807,John Mulaney: New in Town,,,,2
108,c9a47fd59b55967ceac07cac6d5f270c,148667,John Mulaney: The Comeback Kid,,,,2
109,c9a47fd59b55967ceac07cac6d5f270c,120807,John Mulaney: New in Town,,,,2
110,c9a47fd59b55967ceac07cac6d5f270c,122926,Spider-Man: Homecoming,,,,2
111,c9a47fd59b55967ceac07cac6d5f270c,201773,Spider-Man: Far From Home,,,,2
